[{"id":122,"eventat":"TS-1","location":"Mysore","username":"Ram","status":"Success","eventtype":"Card Punch In"},
    {"id":123,"eventat":"TS-2","location":"Banglore","username":"Saptha","status":"Success","eventtype":"Card Punch In"},
    {"id":124,"eventat":"TS-3","location":"Chennai","username":"Sagar","status":"Fail","eventtype":"Force Full Entry"},
    {"id":125,"eventat":"C-TEA","location":"Vadodara","username":"Nithin","status":"Success","eventtype":"Card Punch Out"},
    {"id":126,"eventat":"LTTS Sliver Spirit Tech Park","location":"Mumbai","username":"Akshay","status":"Fail","eventtype":"Force Full Entry"},
    {"id":127,"eventat":"LTTS Nesara Tech Park","location":"Mysore","username":"Saravana","status":"Success","eventtype":"Card Punch In"},
    {"id":128,"eventat":"Manyatha Tech Park","location":"Kolkata","username":"Abi","status":"Success","eventtype":"Card Punch In"},
    {"id":127,"eventat":"LTTS Nesara Tech Park","location":"Mysore","username":"Saravana","status":"Success","eventtype":"Card Punch In"},
    {"id":127,"eventat":"LTTS Nesara Tech Park","location":"Mysore","username":"Saravana","status":"Success","eventtype":"Card Punch In"},
    {"id":127,"eventat":"LTTS Nesara Tech Park","location":"Mysore","username":"Saravana","status":"Success","eventtype":"Card Punch In"},
    {"id":127,"eventat":"LTTS Nesara Tech Park","location":"Mysore","username":"Saravana","status":"Success","eventtype":"Card Punch In"},
    {"id":127,"eventat":"LTTS Nesara Tech Park","location":"Mysore","username":"Saravana","status":"Success","eventtype":"Card Punch In"},
    {"id":127,"eventat":"LTTS Nesara Tech Park","location":"Mysore","username":"Saravana","status":"Success","eventtype":"Card Punch In"},
    {"id":127,"eventat":"LTTS Nesara Tech Park","location":"Mysore","username":"Saravana","status":"Success","eventtype":"Card Punch In"},
    {"id":127,"eventat":"LTTS Nesara Tech Park","location":"Mysore","username":"Saravana","status":"Success","eventtype":"Card Punch In"},
    {"id":127,"eventat":"LTTS Nesara Tech Park","location":"Mysore","username":"Saravana","status":"Success","eventtype":"Card Punch In"},
    {"id":127,"eventat":"LTTS Nesara Tech Park","location":"Mysore","username":"Saravana","status":"Success","eventtype":"Card Punch In"},
    {"id":127,"eventat":"LTTS Nesara Tech Park","location":"Mysore","username":"Saravana","status":"Success","eventtype":"Card Punch In"},
    {"id":127,"eventat":"LTTS Nesara Tech Park","location":"Mysore","username":"Saravana","status":"Success","eventtype":"Card Punch In"},
    {"id":127,"eventat":"LTTS Nesara Tech Park","location":"Mysore","username":"Saravana","status":"Success","eventtype":"Card Punch In"},
    {"id":127,"eventat":"LTTS Nesara Tech Park","location":"Mysore","username":"Saravana","status":"Success","eventtype":"Card Punch In"},
    {"id":127,"eventat":"LTTS Nesara Tech Park","location":"Mysore","username":"Saravana","status":"Success","eventtype":"Card Punch In"},
    {"id":127,"eventat":"LTTS Nesara Tech Park","location":"Mysore","username":"Saravana","status":"Success","eventtype":"Card Punch In"},
    {"id":127,"eventat":"LTTS Nesara Tech Park","location":"Mysore","username":"Saravana","status":"Success","eventtype":"Card Punch In"}

]